,,,,,,,,,,,,,,,,,,,,,,,                                                       
,,,,,,,,653.816,,,,,,,,,,,,,,,
,,Boosted By,Officer Abilities,,"Building, Research, Territories, Orion and Exocomps",,,,,,,,Bridge,,,,,,,,,,
,,,Bridge,All,All,Captain,Bridge,Below Deck,,,,,,,,,,,,,,,
,,Officer Attack Bonus,0%,0%,4196%,4266%,4231%,4296%,,,,,,,,,,,,,,,Ship Loadout
Roster,,Officer Defence Bonus,0%,0%,4196%,4266%,4231%,4296%,,,,,,,,,,,,,,,Calculator
,,Officer Health Bonus,0%,0%,4181%,4251%,4216%,4281%,,,,,Lower Deck,,,,,,,,,,
,,Above bonuses do not include the base value (100%),,,,,,,,,,,,,,,,,,,,,
,,Galaxy Exocomp,Multipurpose Exocomp,,,Multipurpose Exocomp 2,,,,,Ensure you have the Apply Bonuses selected.,,,,,,,,,,,,238.716
,,,,,,,,,,,Attack,,Defence,,Health,,,,,,,,
758.295,,Click to Apply Bonuses (Only applies to officers in active ship slots).,,,,,TRUE,Select Ship,,,0,,0,,0,,,,Bonus,,,,
,,Click to see stats at maximum level. (Including unobtained officers),,,,,FALSE,Attack Bonus,,,,,,,,,,,0%,,,,432.927
,,Starbase Assault,,,,,TRUE,Defence Bonus,,,,,,,,,,,0%,,,,
,,,,,,,,Health Bonus,,,,,,,,,,,0%,,,,
,,,,,,,,,,,There may be a rounding up discrepancy,,,,,,,,,,,,
,,,,,745.685,,,,,,,,,689.114,,165.648,,,,,,,
,,,,,,,,,,,,,,,,,,,,,,,
,,Crew Level (Mess Hall) = 5565,,,,,,,,,,,Display,Abilities,,,,,,,,,
,,Officer,Lvl,Rank,Attack,Defence,Health,Officer Group,CM Or BDA,OA,Effect,Cause,Use,"Captain Manouver, Below Decks and Officer Ability",,,,,,,,,
,U,0718,30,5,7681,10242,12757,Auxiliary Controls,4%,15%,,,,CM: Increase Critical Hit chance when defending the station OA: Increase Defence of all Officers on the ship,,,,,,,,,
,R,Ahvix,30,5,12567,18850,43830,Mudd's Crew,20%,50%,,,,CM: Increase Critical hit chance for the first 3 rounds against Eclipse. OA: Chance to decrease Eclipse hostile's mitigation by 40%,,,,,,,,,
,U,Airiam,30,5,10242,15362,5103,Discovery Crew,40%,95%,Burning,Y,,CM: Increase Mining Speed (Isogen) OA: Chance to Inflict Burning when defending a node.,,,,,,,,,
,R,Alok Sahar,5,1,4604,3069,3058,Section 31,100000%,15%,,,,BDA: Increases Apex Barrier against Explorer hostiles OA: Increases Apex Shred against players when assigned to the GS-31,,,,,,,,,
,R,Alonzo Freeman,20,4,16262,16262,18006,Lower Decks Crew,40%,45%,,,,"BDA: Increases Federation, Romulan and Klingon reputation gained from defeating hostiles OA: Increases Cargo Size of the ship",,,,,,,,,
,E,Andy Billups,10,2,8813,16157,16100,Interceptor Strike Team,50%,75%,Burning,,Y,"BDA: On round start, if on a Battleship and Enemy Player has Burning, Increases Isolytic Defense for 1 round OA: On round start, if on an Interceptor and Enemy Player has Hull Breach, Increase Isolytic Cascade for 1 round",,,,,,,,,
,E,Annorax,20,4,25838,45216,32185,Voyager 30th Anniversary,30%,290000%,,,,"CM: Increases select rewards from hostile chests (G3-G6 Parts & Refined Materials, FKR Messages & Credits, Hirogen Relics, Mycellium, Exotic Biotoxins, Xindi Scraps & Bounties, Trellium, Fatu-Kray Scraps) OA: Increases Apex Barrier for 2 rounds when hit by a hostile (Once per weapon)(Cumulative).",,,,,,,,,
,U,Arix,30,5,3841,17923,8930,Nero's Crew,10%,50%,Burning,Y,,CM: Chance to cause Burning to opponent after hitting it with energy weapon OA: Increase Armor when ship has less than 70% Hull Health,,,,,,,,,
,U,Arkady,30,5,5121,15362,10206,Enterprise Crew,50%,20%,Morale,Y,,CM: Chance to inspire Morale for 3 rounds when Shield is depleted OA: Increase Shield Health,,,,,,,,,
,R,Arrock,15,3,4961,12403,17303,Ferengi Conglomerate,6500%,40%,,,,CM: Increase Mining speed (Concentrated Latinum) OA: Increase Mining Speed,,,,,,,,,
,R,Azetbur,30,5,28275,31417,15653,Klingon Patriots,20%,40%,Breach,Y,,CM: Chance to cause Hull Breach for 2 rounds after hitting with kinetic weapon OA: Increase Armor Piercing every time the ship hits,,,,,,,,,
,R,B'Elanna Torres,30,5,37700,31417,18784,Voyager,100%,1500%,Breach,Y,,"BDA: Chance to apply Hull Breach to non-player or Armada for 1 round OA: When taking damage from non-player or Armada, increases Armor Piercing, Shield Piercing and Accuracy by % of Attack for 1 round",,,,,,,,,
,R,B'Etor,15,3,9922,21084,3708,Pride Of Romulus,20%,22%,,,,"CM: When on a ship that can use cloaking, B'Etor increases the duration the ship can stay cloaked OA: When on the Amalgam, B'Etor boosts the Amalgam's bonus loot ship ability",,,,,,,,,
,R,Ba'el,15,3,16123,13643,4944,Khitomer's Revenge,25%,800%,,,,CM: Increase Weapon Damage OA: Increase Armor by Crew Attack,,,,,,,,,
,U,Badgey,30,5,11522,8961,15309,Lower Decks Crew,60%,20%,,,,"BDA: Increases Armor Penetration, Shield Penetration and Accuracy OA: Decreases Armor, Shield and Dodge of all non-Armada targets",,,,,,,,,
,R,Barot,30,5,62833,6283,6261,Surveyors & Miners,40%,30%,,,,CM: Increase Mining Speed (Crystal) OA: Decrease opponet's Hull Health at start of battle if mining,,,,,,,,,
,E,Beckett Mariner,20,4,45216,12919,32185,Lower Decks Crew,140%,25%,,,,BDA: Increase ship's Weapon Damage OA: Increases Attack of all Officers on the ship,,,,,,,,,
,E,Benjamin Sisko,30,5,54216,54216,43221,Deep Space Nine,400%,12%,,,,"CM: Increases Armour, Shield Deflection and Doddge by % of crews Health against armadas. OA: Increases Critical Hit Chance against Armadas (Cumulative)",,,,,,,,,
,R,Beverly Crusher,15,3,4961,12403,12359,TNG Crew,200%,250%,,,,"CM: When fighting Hostiles and Armadas, restore Shield by % of crew's Health OA: When fighting Hostiles and Armadas, increase mitigation by % of crew's Defence.",,,,,,,,,
,R,Bones,30,5,12567,28275,34438,Enterprise Crew,20%,30%,,,,CM: Increase Officer abilities during combat OA: Increase Defence of all Officers on the bridge when hit,,,,,,,,,
,E,Borg Queen,30,5,103009,32529,70234,Unimatrix Twelve,500%,7%,Assimilate,,Y,"BDA: While fighting a player ship with Assimilate, increase ship's Armor Piercing, Shield Piercing and Accuracy. Cumulative. OA: While fighting a Borg Solo Armada, upon receiving Hull Damage, from an enemy shot, increase Critical Hit Chance",,,,,,,,,
,R,Brad Boimler,20,4,9034,25297,16205,Lower Decks Crew,108%,45%,,,,"BDA: Increase Armor, Shield Deflection, and Dodge OA: Increase Armor Piercing, Shield Piercing and Accuracy",,,,,,,,,
,R,Byr Ch'Kelrer,15,3,7442,12403,14831,Symbiosis,40%,12%,,,,"BDA: Increases base Loot gained from non-Armada Hostiles OA: When hit by an Armada or Hostile, increases Critical Damage for 4 rounds",,,,,,,,,
,C,Cadet Kirk,30,5,5379,5379,2144,Another Time,8%,20%,,,,CM: Increase all Officer stats on Bridge OA: Increase Weapon Damage,,,,,,,,,
,C,Cadet McCoy,30,5,3227,3227,6432,Another Time,10%,12%,,,,CM: Increase Health of all Officers on the ship OA: Increase Captains Maneuver,,,,,,,,,
,C,Cadet Scotty,30,5,2151,5379,5360,Another Time,10%,5,,,,CM: Increase Hull Health OA: Increase Warp Distance,,,,,,,,,
,C,Cadet Sulu,30,5,6454,3227,3216,Another Time,5%,15%,,,,CM: Increase Damage for first round OA: Increase Attack of all Officers on the ship (** Broken Bridge ONLY **),,,,,,,,,
,C,Cadet Uhura,30,5,5379,2151,5360,Another Time,10%,14.%,,,,CM: Decrease opponents Weapon Damage OA: Increase Shield Health,,,,,,,,,
,R,Captain Tilly,30,5,34558,15708,34438,Terran Empire,50%,100%,Breach,,Y,"CM: Increase Mitigation by Health, when on attacking on a capture node and opponent has Hull Breach OA: Increase Mitigation by Health when opponent has Hull Breach",,,,,,,,,
,E,Carol,30,5,21686,43372,64831,Auxiliary Controls,40%,40%,,,,CM: Decrease opponents Damage when defending in battle OA: Increase Weapon Damage,,,,,,,,,
,E,Carol Freeman,15,3,13713,22855,27330,Lower Decks Crew,100%,0%,Burning,,Y,"CM: On combat start against Players, Increase shots OA: On round start, if the Enemy Player has Any State, Increase Isolytic Cascade damage for 1 round",,,,,,,,,
,R,Cath,15,3,22325,6201,6180,Ferengi Conglomerate,40%,18%,,,,CM: Increase Repair Cost Efficient of ship OA: Decrease Kinetic Damage dealt by Hostiles,,,,,,,,,
,E,Chakotay,15,3,13713,41138,9110,Voyager,40%,16%,,,,CM: Increases number of shots versus Armadas OA: Increases Critical Hit Chance for 2 rounds each time you hit an Armada,,,,,,,,,
,R,Chang,30,5,53408,12567,9392,Klingon Patriots,10%,50%,Breach,,Y,CM: Increase Damage if opponent Hull Health under 60% OA: Chance to delay opponent's weapon fire for 1 round with a Critical Hit on Hull Breach,,,,,,,,,
,R,Changeling Kira,30,5,31417,31417,25046,Deep Space Nine,2%,35%,,,,"CM: Decreases hit chance of Cardassian Armadas (Cumulative) OA: Decreases Armor, Shield Deflection and Dodge of Armadas",,,,,,,,,
,E,Charvanek,20,4,9689,9689,57932,Romulan Patriots,80%,800%,Burning,Y,,CM: Chance to cause Burning for 3 rounds when Hull Health is lower than 80% OA: Increase Armour Piercing by Health,,,,,,,,,
,U,Chen,30,5,12802,12802,8930,Starfleet Academy,20%,30%,,,,CM: Increase Mitigations against Hostiles OA: Decrease Energy damage dealt by Hostiles,,,,,,,,,
,U,Culber,30,5,5121,5121,20412,Discovery Crew,50%,25%,,,,CM: Health to Armour when defending on a Capture Node OA: Increase to Jumping and Summoning Cost Efficiency,,,,,,,,,
,U,D'Jaoki,30,5,16643,2560,11482,Romulan Patriots,10%,500%,Burning,,Y,CM: Increase Officers Health for 1 minute after winning a battle OA: Increases Mitigation by % of Officer Health whilst opponent is burning (Tooltip incorrect),,,,,,,,,
,E,D'Vana Tendi,20,4,29068,32297,28966,Lower Decks Crew,170%,25%,,,,BDA: Increase ship's Hull Health OA: Increases Health of all Officers on the ship,,,,,,,,,
,E,Dajash Tolra,10,2,13219,24970,8782,Symbiosis,60%,40%,,,,CM: Increases base Loot gained from Armadas and Hosiltes OA: Chance to increase base weapon shots by 100% every round against Armadas and Invading Entities for 2 rounds,,,,,,,,,
,R,Damar,15,3,12403,7442,14831,Interceptor Strike Team,2%,35%,Breach,,Y,"CM: When on an Interceptor and fighting a player with Hull Breach, when scoring a critical, increases Critical Hit Chance OA: Whilst on Interceptor and fighting a player with Hull Breach, when scoring a critical, decreases opponent's Critical Hit Damage 3 rounds",,,,,,,,,
,R,Dane,15,3,14883,19844,16067,Galaxy Quest,3500%,140%,,,,BDA: Increases your ship's base Impulse Speed OA: Increases the amount of loot gained from defeating Mirror Universe Hostiles when assigned to the NSEA Protector,,,,,,,,,
,C,Darwin,20,4,2850,2533,2209,Shakedown Cruise,10%,50%,,,,CM: Increase Weapon Damage when attacked by a player OA: Increase Ship XP earned on Interceptors,,,,,,,,,
,E,Data,5,1,13149,9040,819,TNG Crew,17%,60%,,,,"CM: Increase Critical Hit Chance against Hostiles and Armadas OA: When fighting Non-Player targets, including Mission Hostiles, Increase Penetration.",,,,,,,,,
,E,Deanna Troi,15,3,9142,9142,36440,TNG Crew,15%,200%,,,,CM: Reduces the Crit Chance of Armada Targets OA: Increases Weapon Damage against Romulan Hostiles and Armadas,,,,,,,,,
,R,Decius,30,5,25133,34558,15653,Romulan Patriots,10%,10%,,,,"CM: Increase Accuracy, Armor Piercing and Shield Piercing against stronger ships. OA: Increase Damage each time the ship gets hit",,,,,,,,,
,E,DeMarco,20,4,48446,38757,41840,Galaxy Quest,65%,130%,Burning,,Y,BDA: Increases Isolytic Cascade Damage in PvP when the enemy player has any state OA: Increases Isolytic Cascade damage against Armadas and Invading Entities,,,,,,,,,
,R,Dezoc,30,5,43983,50267,25046,Unimatrix Twelve,70%,50%,Assimilate,Y,,"BDA: At the start of each round, if opponents hull is below 95%, chance to apply Assimilate for 4 rounds OA: While fighting a Borg Solo Armada, increase all officer stats for the duration of combat",,,,,,,,,
,R,Dixon Hill,15,3,17364,8682,8651,Holodeck,60%,10%,,,,"BDA: Increases Mining Speed OA: While Defending a mining node, reduces Shield Mitigation every round (Cumulative)",,,,,,,,,
,E,Doctor T'Ana,10,2,14688,11750,14637,Lower Decks Crew,80%,45%,Burning,Y,,"BDA: On round start, increases Isolytic Defense for 1 round OA: On round start, chance to apply a random state to enemy player of 3 rounds",,,,,,,,,
,C,Domitia,30,5,1076,5916,5360,Surveyors & Miners,40%,130%,,,,CM: Increase Dilithium mining rate OA: Increase Warp Speed when Cargo is full,,,,,,,,,
,R,Dupont,15,3,12403,14883,2472,Surveyors & Miners,35%,150%,,,,"CM: Increase G3 Crystal, Gas and Mining Speed OA: Increase Protected Cargo",,,,,,,,,
,U,Eight Of Eleven,30,5,15362,14082,19136,Unimatrix Twelve,10%,85%,,,,CM: Increase Critical Hit chance against Borg OA: Increase Attack of all Officers on the ship,,,,,,,,,
,E,Eleven Of Eleven,20,4,61365,41987,19311,Unimatrix Twelve,60%,45%,,,,CM: Increase Mining Speed (Crystal) OA: Increase Warp Speed,,,,,,,,,
,R,Emperor Georgiou,30,5,15708,34558,34438,Terran Empire,100%,0.5,,,,"CM: When attacking a player during takeover. Decrease opponent's Officer Defence OA: When attacking a player on a capture node, Increase number of shots at start of each round.",,,,,,,,,
,R,Ent-E Data,20,4,10841,19876,19806,Enterprise-E,55.%,30%,,,,BDA: Increases ship's Max Cargo OA: Increases Isolytic Cascade Damage versus non-Armada Hostile,,,,,,,,,
,E,Ent-E Picard,15,3,27426,18284,18220,Enterprise-E,60%,7%,,,,CM: Increases the rewards gained from Hostiles and Armadas OA: Increases Isolytic Cascade Damage for 3 rounds each time you hit an non-Armada Hostile (once per weapon),,,,,,,,,
,E,Ent-E Riker,10,2,17626,10282,13173,Enterprise-E,50%,4%,,,,CM: Increases your ship's base Impulse Speed OA: Increases Critical Hit Chance for 4 rounds each time you score a hit (Once per weapon),,,,,,,,,
,R,Ent-E Troi,20,4,12648,19876,18006,Enterprise-E,65%,1200%,,,,BDA: Increases Critical Hit Damage versus Armadas and Hostiles OA: Reduces the opponent's shield by % of Officer Attack at the beginning of each round versus non-Armada Hostiles,,,,,,,,,
,E,Eurydice,20,4,6459,22608,48277,Mudd's Crew,10%,65%,,,,CM: Increase Damage when taking SHP damage OA: Chance to heal 5% shields when they are depleted,,,,,,,,,
,R,Fess,30,5,40842,25133,21915,Ferengi Conglomerate,55.%,10%,,,,CM: Increase base mining speed OA: Reduce Protected Cargo,,,,,,,,,
,E,Five Of Eleven,30,5,48794,108431,48624,Unimatrix Twelve,200%,100%,,,,CM: Increase Mitigation by Officer Health OA: Increase Resources dropped,,,,,,,,,
,E,Four Of Eleven,20,4,41987,19378,61151,Unimatrix Twelve,60%,55.%,,,,CM: Increase Ore mining speed OA: Increase Cargo Size,,,,,,,,,
,R,French Marshal Q,5,1,4604,4604,3058,Interceptor Retaliation Squad,5%,25%,Burning,,Y,"BDA: On round start, if the enemy player has any state, Q repairs percentage of hull damage taken in the previous round of combat OA: On round start, if placed on a ship with Morale against players, increases your weapon shots for 3 rounds",,,,,,,,,
,C,Gaila,30,5,3227,2689,6968,Starfleet Academy,25%,50%,,,,CM: Increase Parsteel rewards from Hostiles OA: Decrease Critical Damage from Hostiles,,,,,,,,,
,R,Garak,10,2,9094,9094,3021,Interceptor Strike Team,5%,35%,Breach,,Y,"CM: When on an Interceptor and fighting a player with Hull Breach. Each round, reduces opponent's Kritical Weapon Damage. OA: When on an Interceptor and fighting a player with Hull Breach. Each round, Increases Critical Hit Chance",,,,,,,,,
,E,Geordi La Forge,15,3,9142,36568,9110,TNG Crew,50%,200%,,,,CM: Increase Rewards from Armadas OA: Increase Weapon Damage against Klingon Hostiles and Armadas,,,,,,,,,
,E,Georgiou,15,3,11427,31997,11387,Discovery Crew,100%,70%,Burning,Y,Y,CM: Decrease opponents officers attack when opponent is burning OA: Chance to deal Burning for two rounds at the start of each round,,,,,,,,,
,R,Ghalenar,30,5,21992,62833,34438,Unimatrix Twelve,5000%,20%,,,,"BDA: Increases the amount of resources dropped from Actian Apex and Borg hostiles by a percentage of base. OA: Increases Faction Reptation gained from Fed, Kling and Rom hostiles",,,,,,,,,
,E,Ghrush,30,5,70480,70480,70234,Syndicate,100%,15%,,,,CM: Increase Protected Cargo OA: Increase Warp Range,,,,,,,,,
,U,Gonzales,30,5,12802,8961,12757,Starfleet Academy,8%,30%,,,,CM: Increase Critical Hit Chance against Hostiles OA: Increase Critical Hit Damage against Hostiles,,,,,,,,,
,U,Goon,20,4,11264,3755,2993,Mudd's Crew,20%,35%,,,,CM: Inctease Critical Hit Chance against Hostiles for first round OA: Increase Ship XP gained while fighting,,,,,,,,,
,E,Gorkon,30,5,86745,21686,21610,Klingon Patriots,10%,90%,Breach,Y,,CM: Increase Critical Hit Chances for first 2 rounds OA: Chance to cause Hull Breach for 3 rounds when hitting with Critical Hit,,,,,,,,,
,R,Gossa,15,3,18604,13643,14831,Unimatrix Twelve,175%,10%,Assimilate,,Y,"BDA: When fighting a player ship with Assimilate, increase the ship's Armour, Shield Deflection and Dodge (Cumulative) OA: When fighting against a Borg Solo Armada, at the start of each round, reduce target's Damage for 1 round",,,,,,,,,
,R,Gowron,15,3,13643,4961,16067,Khitomer's Revenge,50%,800%,,,,CM: Increase Energy Weapon Damage OA: Increase ship's Shield Deflection by Health of crew,,,,,,,,,
,E,Gul Dukat,15,3,41138,11427,11387,Interceptor Strike Team,20%,35%,Breach,Y,Y,"CM: While on an Interceptor fighting a player, at the start of a round, chance to apply Hull Breach for 3 rounds. OA: When shot while on an Interceptor, fighting a player with Hull Breach, increase number of shots per weapon for 5 rounds",,,,,,,,,
,C,Hadley,20,4,3166,1900,2524,Shakedown Cruise,15%,50%,,,,CM: Increase Warp Speed of ship OA: Increase Exoerience gained on Survey Ships,,,,,,,,,
,R,Harrison,10,2,1516,2273,14348,Section 31,20%,70%,,,,CM: Increase Damage against Explorers OA: Ignore % of opponents shield for the first round of combat,,,,,,,,,
,R,Harry Kim,30,5,18850,37700,31307,Voyager,100%,30%,Morale,Y,,BDA: Chance to apply Morale to non-player or Armada for 1 round OA: Increases all positive Reputation gains,,,,,,,,,
,E,Harry Mudd,15,3,34282,9142,11387,Mudd's Crew,40%,40%,,,,CM: Chance to have 98% Shield Mitigation for the first two combat rounds OA: Chance of Double Shots in the first round,,,,,,,,,
,C,Helvia,30,5,1076,6454,5360,Surveyors & Miners,40%,125%,,,,CM: Increase Parsteel mining OA: Increase Warp Speed when Cargo is empty,,,,,,,,,
,U,Hendorff,20,4,11264,5257,1497,Shakedown Cruise,20%,50%,,,,CM: Increase mitigation when Hull Health is below 60% of Health at start of battle OA: Increase Ship XP on Explorers,,,,,,,,,
,E,Honorguard Worf,30,5,81323,21686,48624,Khitomer's Revenge,30%,100%,,,,"CM: When fighting other players, increases Armor Piercing by % of Crew Attack whenever ship scores a critical hit OA: For the first 8 rounds of combat against other players, increases the Critical Hit Chance of the ship",,,,,,,,,
,R,Hoshi Sato,10,2,6063,6063,9062,Enterprise NX-01,100%,30%,,,,BDA: Increases Gas mining speed OA: Increases Cargo Size of the ship,,,,,,,,,
,E,Hugh,20,4,51676,25838,45058,Unimatrix Twelve,70%,12%,,,,BDA: Chance to increase the Critical Hit Chance for 2 rounds after being hit by a hostile. OA: Increases Impulse Speed of ship,,,,,,,,,
,R,Icheb,5,1,3836,3069,3058,Battleship Retaliation Squad,0%,550000%,,,,"CM: Chain of Command OA: Against players with Hull Breach, increases your Apex Barrier for 4 rounds each time you score a hit (Once per weapon)(Cumulative)",,,,,,,,,
,R,Ikat'ika,10,2,6063,9094,6041,Explorer Strike Team,20%,55.%,Morale,,Y,"CM: Increases all Mitigation stats for 1 round, every round, when fighting players and on an Explorer. OA: Increases Weapon Damage at the start of each round, for 3 rounds, when fighting players, and on an Explorer with Morale",,,,,,,,,
,R,Infiltrator Tuvok,5,1,3069,3836,3058,Battleship Retaliation Squad,1200000%,28.%,Breach,,Y,"BDA: On round start against players, if on a ship with no State applied increases your Apex Barrier for 3 rounds (Cumulative) OA: Against players with Hull Breach, increases your Isolytic Cascade damage for 3 rounds each time you score a hit (Once per weapon)(Cumulative)",,,,,,,,,
,C,Instructor Spock,30,5,3227,6454,3216,Another Time,5%,20%,,,,CM: Increase Damage OA: Increase Mitigation,,,,,,,,,
,E,Jack Ransom,10,2,17626,11750,11709,Explorer Strike Team,50%,75%,Breach,,Y,"BDA: On round start, if on an Interceptor and Enemy Player has Hull Breach, Increases Isolytic Defense for 1 round OA: On round start, if on an Explorer with Morale, Increase Isolytic Cascade for 1 round",,,,,,,,,
,E,Jadzia Dax,10,2,19094,1469,20491,Deep Space Nine,700%,450%,,,,"CM: Increase Shield Piercing, Armor Piercing, and Accuracy by Officer Health against Solo Armada OA: Increase Weapon Damage by Health of crew against Solo Armadas",,,,,,,,,
,U,Javaid,30,5,15362,6401,8930,Nero's Crew,20%,40%,,,,CM: Increase Shield Piercing OA: Increase Armor on a battleship,,,,,,,,,
,E,Jaylah,20,4,51676,12919,12874,Jaylah,100%,4,,,,CM: Increase Resources from hostiles when in any Franklin OA: Increase number of shots against Swarms in any Franklin,,,,,,,,,
,E,Jean-Luc Picard,10,2,13219,16157,5855,TNG Crew,20%,10%,,,,CM: Increase the effectiveness of all Officer Abilities that trigger in combat OA: Increase Critical Damage against Hostiles and Armadas,,,,,,,,,
,R,Joachim,30,5,9425,56550,34438,Khan's Crew,50%,30%,,,,CM: Chance to drastically increase ship mitigation against Stations for first round OA: Decrease all opponents ships and defence platform damage in Station Combat,,,,,,,,,
,U,Joaquin,30,5,12802,6401,21688,Khan's Crew,50%,125%,,,,CM: Increase Protected Cargo OA: Increase Data Mining Speed,,,,,,,,,
,E,Jonathan Archer,15,3,13713,25140,25052,Enterprise NX-01,300%,20%,,,,"CM: Increase the amount of resources you get from destroying Xindi hostiles OA: When you take damage from a hostile or another player, increase Critical Hit Damage for 2 rounds",,,,,,,,,
,R,Julian Bashir,10,2,3789,2273,15103,Deep Space Nine,50%,25%,,,,CM: Increase Critical Hit Damage against Solo Armadas OA: Increase Critical Hit Chance against Solo Armadas,,,,,,,,,
,C,K'Bisch,30,5,1076,4841,6968,Surveyors & Miners,40%,20%,,,,CM: Increase Tritanium mining rate OA: Decrease Damage taken when mining (*Bugged*),,,,,,,,,
,E,Kang,15,3,41138,11427,2277,Blood & Honor,80%,400%,Breach,Y,,CM: Chance to cause Hull Breach at the start of combat OA: Increase Accuracy by Crews Attack,,,,,,,,,
,E,Kathryn Janeway,20,4,22608,32297,35403,Voyager,7%,30%,,,,"CM: When you take hull damage from a non-player hostile os Armada, Increase Shield Mitigation for 1 round (cumulative) OA: At the start of combat, increases Isolytic damage against non-player hostile and armadas",,,,,,,,,
,U,Kati,30,5,19203,2560,19136,Khan's Crew,4%,40%,,,,CM: Increase Critical Hit Chances against Defence Platforms OA: Increase Critical Hit Damage in Station Combat,,,,,,,,,
,R,Keenser,30,5,6283,50267,18784,Auxiliary Controls,20%,40%,,,,CM: Increase Hull Health as long as ship is in the station OA: Increase Shield Health as long as ship is in the station,,,,,,,,,
,R,Kerla,30,5,25133,15708,34438,Klingon Patriots,50%,50%,,,,CM: Increase Dodge when the Shields are deleted OA: Increase Critical Damage with Kinetic Weapons,,,,,,,,,
,E,Khan,30,5,97588,16265,59429,Khan's Crew,50%,5%,,,,CM: Chance to dramatically Decrease opponent's station and ship mitigation for 2 rounds OA: Increase Critical Chances every time the ship gets hit,,,,,,,,,
,R,Kira Nerys,15,3,22325,3721,8651,Deep Space Nine,20%,6%,,,,BDA: Reduce opponent player Critical Hit Chance OA: Decreases Shield Mitigation by,,,,,,,,,
,E,Kirk,30,5,21686,86745,21610,Enterprise Crew,40%,80%,Morale,Y,Y,CM: Increase all officer stats when the ship has Morale OA: Chance to inspire Morale to his ship for 2 rounds,,,,,,,,,
,U,Klaa,30,5,5121,6401,19136,Glory in the Kill,25%,20%,,,,CM: Increase Impulse Speed OA: Increase Critical Hit Damage,,,,,,,,,
,C,Komal,30,5,6454,4303,2144,Glory in the Kill,20%,20%,,,,CM: Increase Weapon Damage of Battleships against players OA: Decrease Kinetic Weapon Damage from enemy players,,,,,,,,,
,U,Koth,30,5,8961,7681,14033,Klingon Patriots,20%,25%,Breach,,Y,CM: Increase Repair speed on this ship if it is an Interceptor OA: Increase Kinetic damage while opponent has Hull Breach,,,,,,,,,
,E,Kras,15,3,41138,6856,6832,Glory in the Kill,20%,40%,,,,CM: Decrease opponents Captain's Maneuver effectiveness OA: Decrease all the stats of the opponents Bridge Officers,,,,,,,,,
,R,Krell,30,5,25133,6283,43830,Blood & Honor,30%,500%,,,,CM: Chance to causing Hull Breach for 1 round when receiving Shield Damage OA: Increase Damage to Federation ships by % of crew's Defence,,,,,,,,,
,R,Kumak,30,5,31417,12567,31307,Nero's Crew,5%,100%,Burning,,Y,CM: Increase Officer Stats each round OA: Increase mitigation when opponent is burning,,,,,,,,,
,R,Kuron,20,4,3614,12648,27009,Blood & Honor,50%,40%,,,,CM: Chance to automatically recharge first kinetic hit OA: Increase Impulse speed after destroying a ship,,,,,,,,,
,U,L'Nar,30,5,6401,15362,8930,Romulan Patriots,20%,500%,,,,CM: Increase Health of Bridge Officers OA: Increase Damage Against Klingon ships by % of crew's Attack,,,,,,,,,
,R,Laliari,10,2,9094,12125,9817,Galaxy Quest,150000%,100%,,,,BDA: Increases the Apex Barrier when in Wave Defense OA: Decreases the cooldown of the NSEA Protectors Omega-13 Ability,,,,,,,,,
,U,Leslie,20,4,6008,6758,5238,Shakedown Cruise,5%,50%,,,,CM: Restore Hull Health when under 35% of starting value OA: Increase Ship XP on Battleships,,,,,,,,,
,R,Lieutenant Picard,5,1,5371,2302,4588,Next Gen,400000%,5%,,,,CM: Increases Apex Barrier against non-Armada hostiles of level 35 and under OA: Increases Shield Health vs non-Armada hostiles,,,,,,,,,
,U,Linkasa,30,5,3841,14082,12757,Blood & Honor,10%,500%,,,,CM: Increase Officers Defence for 1 min after winning OA: Increase Armor by % of total Attack at the start of combat,,,,,,,,,
,R,Livis,30,5,6283,9425,59483,Nero's Crew,10%,60%,,,,CM: Increase repair speed on this ship if it is a Battleship OA: Increase ship's max Hull Health if it is a Battleship,,,,,,,,,
,E,Lorca,20,4,35527,35527,16092,Terran Empire,100%,75%,Breach,Y,Y,CM: Decrease opponents damge if they have Hull Breach OA: Chance to inflict Hull Breach,,,,,,,,,
,U,Lursa,10,2,1650,2639,4932,Pride Of Romulus,30%,30%,,,,"CM: When on a ship that can use cloaking, Lursa decreases the cloaking cooldown OA: When attacking other players, Lursa decreases the opponent's Weapon Damage",,,,,,,,,
,C,M'Benga,30,5,3765,5916,3216,Auxiliary Controls,10%,40%,,,,"CM: Increase Armor Piercing, Shield Piercing and Accuracy when defending the Station OA: Increase Mitigation when defending the Station",,,,,,,,,
,U,M'Ral,30,5,19203,3841,7654,Klingon Patriots,20%,30%,,,,CM: Increase Armor Piercing OA: Increase Attack of crew (**Broken Bridge Only**),,,,,,,,,
,U,Mäkinen,5,1,1601,1779,886,Surveyors & Miners,10%,20%,,,,CM: Increase Mining Speed (All) OA: Increase Mining Speed (Isogen),,,,,,,,,
,R,Mara,30,5,43983,9425,21915,Blood & Honor,20%,40%,Breach,,Y,CM: Increase Damage against Interceptors OA: Decrease opponent's dodge every round when it has Hull Breach,,,,,,,,,
,E,Marcus,15,3,11427,38853,4555,Section 31,80%,400%,Morale,Y,,CM: Chance to inspire morale when opponent's HHP is under 80% OA: Increase Shield piercing by crew's Defence,,,,,,,,,
,R,Mariachi Q,5,1,3836,3069,5352,Interceptor Retaliation Squad,700000%,50%,Burning,Y,Y,"BDA: On round start against players afflicted by Burning, increases your Apex Barrier for 1 round. Does not trigger when Tal is on the bridge OA: On round start, if placed on a ship with Morale against players, increases your Isolytic Cascade damage for 3 rounds",,,,,,,,,
,R,Marla,30,5,12567,31417,31307,Khan's Crew,20%,90%,,,,CM: Increase Ships repair speed OA: Increase ships Captain's stats,,,,,,,,,
,R,Martok,15,3,4961,16123,13595,Khitomer's Revenge,50%,800%,,,,CM: Increase Kinetic Weapon Damage OA: Increase ship's Dodge by Defence of crew,,,,,,,,,
,E,Masriad Vael,10,2,22032,13219,11709,Symbiosis,5%,100000%,,,,"BDA: When hit by an Armada or Hostile, increases Critical Hit chance OA: On combat start against Invading Entities, increases Apex Barrier",,,,,,,,,
,E,Mavery,30,5,59637,70480,81039,Syndicate,40%,200%,,,,"CM: Increase Max Cargo OA: Increase Crystal, Gas and Ore mining speed",,,,,,,,,
,E,Michael Burnham,20,4,45216,16149,16092,Discovery Crew,1500%,300%,,,,CM: Increase Impulse Speed OA: Decrease opponent's SHP by % Crew's Attack,,,,,,,,,
,R,Miles O'Brien,30,5,31417,31417,25046,Deep Space Nine,150%,50%,,,,"BDA: Increases Warp Speed OA: At the start of each round, chance to double shots against armadas for 3 rounds.",,,,,,,,,
,R,Mirek,30,5,6283,43983,25046,Romulan Patriots,20%,500%,Burning,Y,,CM: Chance to cause burning for 1 round when ship is hit OA: Increase Damage against Federation by % of crew's Defence,,,,,,,,,
,R,Mirror Data,10,2,4547,9852,9817,Mirror Universe,750000%,55.%,Assimilate,Y,,"CM: On combat start against player Interceptor, increases Apex Barrier OA: On round start, chance to apply Assimilate for 2 rounds",,,,,,,,,
,R,Mirror Ezri,10,2,9852,9852,4531,Mirror Universe,750000%,850%,Assimilate,,Y,"CM: On combat start against player Battleships increases Apex Barrier OA: On round start against players with Assimilate, increases Kinetic weapon damage for 1 round",,,,,,,,,
,E,Mirror Kira,10,2,20563,20563,5855,Mirror Universe,150000%,20%,Assimilate,,Y,"CM: On round start against players, increases Apex Barrier for 5 rounds (cumulative) OA: On round start against players with Assimilate, increases shots for 5 rounds (cumulative)",,,,,,,,,
,E,Mirror Picard,15,3,36568,22855,13665,Mirror Universe,50%,1700000%,Assimilate,,Y,"CM: On round start against players, increases Isolytic Cascade OA: On round start against players with Assimilate, increases Apex Barrier",,,,,,,,,
,R,Mirror Troi,10,2,9852,4547,9817,Mirror Universe,750000%,850%,Assimilate,,Y,"CM: On combat start against player Explorers increases Apex Barrier OA: On round start against players with Assimilate, increases Energy weapon damage for 1 round",,,,,,,,,
,E,Mirror Uhura,0,0,0,0,0,Mirror Universe,0%,0%,Assimilate,,Y,BDA: Increases your Apex Barrier at the start of combat versus non-Armada Hostiles OA: Increases your existing Apex Barrier for 2 rounds after receiving HHP damage from a player ship with Assimilate (Once per weapon),,,,,,,,,
,R,Miss Q,5,1,3069,3836,5352,Explorer Retaliation Squad,700000%,50%,Burning,,Y,"BDA: On round start, if placed on a ship with Morale against players, Miss Q increases your Apex Barrier for 1 round. OA: On round start against players afflicted by Burning, Miss Q increases your Isolytic Cascade damage for 3 rounds.",,,,,,,,,
,E,Mitchell,15,3,11427,25140,18220,Auxiliary Controls,20%,50%,,,,CM: Increasae all officer stats on board when defending a station OA: Increase Damage for 1 round when hit by a critical,,,,,,,,,
,R,Moreau,30,5,25133,25133,25046,Shakedown Cruise,40%,70%,,,,CM: % Shield healed after winning OA: Decrease hostile penetration,,,,,,,,,
,E,Mudd,20,4,19378,48446,9655,Mudd's Crew,10%,350%,,,,CM: Decrease Armada Target Weapon Damage when taking damage OA: Increase damage when shields are depleted,,,,,,,,,
,E,Naga Delvos,30,5,81323,59637,70234,Emerald Chain,750%,150%,,,,BDA: Increases base repair cost efficiency of the ship OA: Increases the base damage of the Borg Cube's Cutting Beam against players,,,,,,,,,
,R,Navi,30,5,6283,62833,31307,Khan's Crew,20%,140%,Breach,,Y,CM: Increase Critical Damage when own ship has Hull Breach OA: Increase mitigation when own ship has hull breach,,,,,,,,,
,R,Neelix,30,5,31417,28275,28176,Voyager,100%,130%,Burning,Y,,"BDA: Chance to cause Burning versus non-player hostiles and Armadas, does not trigger with Tal on the bridge. OA: Increases Cost Efficiency of Voyager's active ship ability",,,,,,,,,
,E,Nero,20,4,12919,12919,51495,Nero's Crew,40%,40%,Burning,Y,Y,CM: Increase Damage when opponent's ship is Burning OA: Chance to cause Burning when hitting enemy,,,,,,,,,
,E,Nesmith,10,2,22032,17626,19028,Galaxy Quest,15%,250000%,,,,CM: Decreases Invading Entities Shield Mitigation OA: Increases your Apex Barrier when fighting hostiles,,,,,,,,,
,C,Next Gen Crusher,30,5,3227,3227,6432,Next Gen,10%,12%,,,,CM: Increase Health of all Officers on the ship OA: Increase Captains Maneuver,,,,,,,,,
,C,Next Gen Data,30,5,5379,5379,2144,Next Gen,8%,20%,,,,CM: Increase all Officer stats on Bridge OA: Increase Weapon Damage,,,,,,,,,
,C,Next Gen La Forge,30,5,5379,2151,5360,Next Gen,10%,14.%,,,,CM: Decrease opponents Weapon Damage OA: Increase Shield Health,,,,,,,,,
,C,Next Gen Riker,30,5,6454,3227,3216,Next Gen,5%,15%,,,,CM: Increase Damage for first round OA: Increase Attack of all Officers on the ship (** Broken Bridge ONLY **),,,,,,,,,
,C,Next Gen Troi,30,5,3227,6454,3216,Next Gen,5%,20%,,,,CM: Increase Damage OA: Increase Mitigation,,,,,,,,,
,U,Nine Of Eleven,30,5,16643,19203,12757,Unimatrix Twelve,10%,85%,,,,CM: Decrease Borg critical hit chance OA: Increase Defence of all Officers on the ship,,,,,,,,,
,E,Nog,5,1,6575,8218,11465,Status Control Team,2000000%,20%,Burning,,Y,"CM: Increases Apex Barrier for 2 rounds on round start, when attacking a Station. OA: Reduces Critical Hit Chance for 2 rounds on round start against players, if the opponent has any state",,,,,,,,,
,E,Odo,10,2,2938,2938,35128,Deep Space Nine,25%,50%,,,,"BDA: Increase Critical Hit Damage OA: Increases base Armor, Shield Deflection and Dodge against solo armadas",,,,,,,,,
,R,One Of Eleven,30,5,56550,31417,31307,Unimatrix Twelve,5%,50%,,,,CM: Increate Shield Mitigation OA: Increase Protected Cargo,,,,,,,,,
,U,Origins Burnham,30,5,12802,8961,8930,Discovery Origins,1500%,25%,,,,CM: Increase All Officers Attack OA: Increase Damage,,,,,,,,,
,C,Origins Saru,30,5,3765,5379,3752,Discovery Origins,1000%,15%,,,,CM: Increase All Officers Base Defence OA: Increase Hull Health,,,,,,,,,
,C,Origins Stamets,30,5,3765,3765,5360,Discovery Origins,1000%,45%,,,,CM: Increase All Officers Base Health OA: Increase Warp Speed,,,,,,,,,
,U,Otto,30,5,33285,4097,4082,Khan's Crew,20%,60%,,,,CM: Increase damage to defence platforms OA: Increase Attack of all officers on the bridge,,,,,,,,,
,R,Pan,30,5,62833,31417,6261,Khan's Crew,20%,65%,Breach,Y,,CM: Increase Impulse Speed OA: Chance to apply Hull Breach on your own ship,,,,,,,,,
,R,Paul Stamets,30,5,12567,25133,37568,Discovery Crew,20%,200%,,,,CM: Increase Jump and Summoning Cost Efficiency OA: Decrease opponent's Armor Piercing when defending from a player,,,,,,,,,
,E,Phellun,15,3,34282,29711,25052,Syndicate,250%,175%,,,,"BDA: Increases base protected cargo OA: Increases base positive Reputation gained from Federation, Klingon and Romulan Hostiles",,,,,,,,,
,E,Phlox,10,2,8813,17626,14637,Enterprise NX-01,40%,50%,,,,"BDA: Increases the efficiency of charging the Borg Cube's Cutting Beam OA: On combat start, reduces the opponent's Critical Hit Chance for 8 rounds",,,,,,,,,
,E,PIC Admiral Picard,15,3,27426,18284,18220,Picard,90%,1500%,Morale,Y,,"CM: At the start of round, chance to apply Morale for 3 rounds against player ships OA: Increases Weapon Damage on combat start against player Explorer for the duration of combat",,,,,,,,,
,R,PIC Beverly Crusher,30,5,18850,31417,37568,Picard,50%,8%,,,,"BDA: Increases the amount of Broken Ship Parts from hostiles OA: Everytime ship is hit by a weapon, increases Critical Damage (Stacks)",,,,,,,,,
,E,PIC Hugh,30,5,81323,59628,70251,Ex-Borg,35%,25%,,,,"BDA: At the beginning of each round of combat, repairs % of hull damage taken in the previous round of combat. OA: Increases the amount of Raw Ore, Crystal and Gas collected while mining with any ship, without draining the mining node faster.",,,,,,,,,
,E,PIC Riker,20,4,41987,22608,25748,Picard,90%,2200%,Burning,Y,,"CM: At the start of round, chance to apply Burning for 3 rounds against player ships OA: Increases Weapon Damage on combat start against player Battleships for the duration of combat",,,,,,,,,
,E,PIC Worf,15,3,31997,15998,15942,Picard,90%,1500%,Breach,Y,,"CM: At the start of round, chance to apply Hull Breach for 3 rounds against player ships OA: Increases Weapon Damage on combat start against player Interceptors for the duration of combat",,,,,,,,,
,E,Pike,20,4,19378,29068,28966,Shakedown Cruise,40%,50%,,,,CM: Increase the effectiveness of all Officer Abilities that trigger in combat OA: Increase Ship XP earned,,,,,,,,,
,R,Pon,10,2,7578,7578,6041,Explorer Strike Team,10%,57.%,Morale,,Y,"CM: A chance, at the start of combat, to delay the opponents weapons for 3 rounds, while fighting players, and on an Explorer OA: Decreases opponent player's Critical Chance at the start of each round, for 3 rounds if on an Explorer with Morale",,,,,,,,,
,U,Qa'Ug,30,5,10242,10242,10206,Blood & Honor,35%,70%,Breach,,Y,CM: Decrease opponent's officer stats if own ship recieves a Hull Breach OA: Increase accuracy when own ship has Hull Breach,,,,,,,,,
,E,Quark,20,4,22608,38757,28966,Ferengi Conglomerate,90%,140%,,,,CM: Increase Protected Cargo OA: Increase Mining Speed,,,,,,,,,
,E,Quasi,5,1,8218,9862,8190,Mirror Universe,25%,50%,,,,BDA: Increases Apex Shred against non-Armada hostiles  OA: Increases Apex Shred against players,,,,,,,,,
,R,Rachel Garrett,10,2,6063,6063,9062,Enterprise-E,120000%,50%,,,,BDA: Increases Apex Barrier against Battleship hostiles OA: Increases base Loot gained from non-Armada hostiles,,,,,,,,,
,E,Reginald Barclay,10,2,11750,22032,5855,Holodeck,45%,10%,,,,BDA: Increases the ship's base Protected Cargo OA: Increases the base Defense of all Officers,,,,,,,,,
,R,Rima,30,5,31417,6283,62614,Khan's Crew,40%,20%,Breach,,Y,CM: Increase damage when own ship has hull breach. OA: Increase Critical Hit chances when own ship hass Hull Breach,,,,,,,,,
,R,Ro Mudd,30,5,47125,15708,12523,Mudd's Crew,50%,60%,,,,CM: Increase Captains Stats OA: Chance to increase damage by 300% of Officer Attack,,,,,,,,,
,E,Rom,15,3,27426,6856,29607,Ferengi Conglomerate,1,90%,,,,"CM: When attacking a station, delays ship and pltatform weapons by 1 round OA: When attacking a station, increases number of shots of weapons",,,,,,,,,
,R,Romi,5,1,4604,4604,3058,Explorer Retaliation Squad,700000%,100%,Burning,,Y,"BDA: On round start against players afflicted by Hull Breach, Romi increases your Apex Barrier for 1 round OA: On round start against players afflicted by Burning, Romi increases your Isolytic Defense for 3 rounds.",,,,,,,,,
,C,Rukor,30,5,8068,4303,536,Glory in the Kill,20%,20%,,,,CM: Increase damage against players when in an Explorer OA: Increase Energy Weapon Damage against other ships,,,,,,,,,
,E,S31 Georgiou,5,1,11506,6575,8190,Strange New Worlds,25%,50%,,,,BDA: Increases Apex Shred against players OA: Increases Apex Shred against non-Armada hostiles,,,,,,,,,
,R,Sam Rutherford,30,5,56550,15708,15653,Lower Decks Crew,135%,50%,,,,"BDA: Increase ship's Health OA: Increases Armor, Shield Deflection and Dodge",,,,,,,,,
,R,Saru,30,5,6283,50267,18784,Discovery Crew,10%,70%,,,,CM: Decrease opponents Critical Hit Chance when receiving a critical hit OA: Decrease Opponent's Weapon damage,,,,,,,,,
,U,Scotty,30,5,7681,16643,6379,Enterprise Crew,10%,20%,,,,CM: Increase Ships repair speed OA: Increase ship's Hull Health,,,,,,,,,
,E,Sela,15,3,25140,18284,20497,Pride Of Romulus,50%,4%,,,,CM: Increase Critical Hit Damage while cloaked OA: Decrease enemy player's Critical Hit Chance every time the ship scores a hit,,,,,,,,,
,C,Sesha,15,3,1327,3319,661,Mudd's Crew,20%,50%,,,,CM: Decrease Eclipse hostile's Critical Hit Chance by 15% OA: Increase Critical Hit Damage aginst Eclipse Hostiles,,,,,,,,,
,E,Seska,10,2,10282,11750,24882,Voyager 30th Anniversary,16%,16%,,,,BDA: Increases Critical Hit Damage for 4 rounds each time you score a hit (Once per weapon) when fighting hostiles. OA: Restores the Shield Health of your ship every round,,,,,,,,,
,R,Seven Of Eleven,30,5,43983,37700,37568,Unimatrix Twelve,20%,100%,,,,CM: Chance to add 2 shots to each weapon when fighting Borg OA: Increase Health of all Officers on the ship,,,,,,,,,
,E,Seven Of Nine,15,3,27426,22855,13665,Voyager,26%,130%,,,,BDA: Increases you ship's Isolytic Cascade againt players OA: Increases Critical Hit Damage versus Armadas,,,,,,,,,
,U,Severus,30,5,8961,8961,12757,Romulan Patriots,10%,60%,Burning,,Y,CM: Decrease opponent's Hull Health each round if own ship is burning OA: Increase Damage if own ship is burning,,,,,,,,,
,E,Shaxs,10,2,20563,10282,10246,Battleship Strike Crew,50%,75%,Burning,,Y,"BDA: On round start, if on Explorer with Morale, increases Isolytic Defense against players OA: On round start, if on Battleship and enemy player is burning, Increases Isolytic Cascade",,,,,,,,,
,C,Shev,30,5,6992,3227,2680,Starfleet Academy,25%,20%,,,,CM: Increase Tritanium rewards from Hostiles OA: Increase Energy Damage against Hostiles,,,,,,,,,
,R,Shran,15,3,14883,9922,9887,Enterprise NX-01,200%,120%,,,,BDA: Increases Crystal Mining Speed OA: Increases base Warp Speed,,,,,,,,,
,E,Six Of Eleven,20,4,35527,35527,51495,Unimatrix Twelve,20%,30%,,,,CM: Decrease opponent SHP when hitting by Defence OA: Increase Penetration to Armadas by Attack,,,,,,,,,
,E,SNW Black Ops M'Benga,0,0,0,0,0,Strange New Worlds,0%,0%,,,,BDA: Restores the Shield Health of your ship every round when fighting hostiles OA: Increases Isolytic Defense versus Suliban Hostiles,,,,,,,,,
,R,SNW Black Ops Nurse Chapel,0,0,0,0,0,Strange New Worlds,0%,0%,,,,"BDA: Iincreases the ship's base Hull Health OA: Increases base positive Reputation gained from Federation, Klingon and Romulan Hostiles",,,,,,,,,
,E,SNW D'Chok,5,1,13149,6575,6552,Strange New Worlds,700%,1000%,,,,"BDA: Increases the Health of all officers on the ship OA: Increases Common, Uncommon and Rare Transogen Mining Bonus",,,,,,,,,
,E,SNW Hemmer,15,3,18284,27426,18220,Strange New Worlds,100%,1400%,,,,"BDA: Increases the Health of all officers on the ship OA: Increases  Armor, Shield Deflection and Dodge when in combat with Survey ships.",,,,,,,,,
,E,SNW James Kirk,15,3,36568,9142,18220,Strange New Worlds,15%,1200%,,,,CM: Reduces enemy Shield Mitigation vs non-Armada Hostiles OA: Increases base Weapon Damage vs non-Armada Hostiles,,,,,,,,,
,R,SNW La'an,15,3,12403,9922,12359,Strange New Worlds,35%,95%,,,,BDA: SNW La'an increases the ship's base Max Cargo by OA: Increases base Warp Speed,,,,,,,,,
,E,SNW M'Benga,15,3,13713,31997,18220,Strange New Worlds,1500%,6%,,,,CM: Increases all mitigation stats by % of Health vs non-Armada Hostiles OA: Increases SHP every round vs non-Armada Hostiles,,,,,,,,,
,R,SNW Nurse Chapel,30,5,12567,25133,50091,Strange New Worlds,40%,200%,,,,"BDA: At the start of combat, Increases Isolytic Cascade damage vs non-armada Hostiles OA: Increases amount of Volatile Isomatter you get from destroying Gorn Hunters",,,,,,,,,
,R,SNW Ortegas,30,5,12567,31417,43830,Strange New Worlds,15%,1800%,,,,"CM: When fighting hostiles, SNW Ortegas increases critical hit chance against hostiles OA: Increases Armor, Shield Deflection, and Dodge by % of total Defense when attacking hostile Explorers from a Battleship",,,,,,,,,
,R,SNW Pelia,30,5,18850,37700,31307,Strange New Worlds,100%,20%,,,,BDA: Increases Isolytic Defence OA: Reduces Isolytic Damage received from non-Armada hostiles,,,,,,,,,
,E,SNW Pike,30,5,48794,54216,48624,Strange New Worlds,4%,35%,,,,"CM: When fighting hostiles, increases Shield Mitigation OA: When fighting hostiles, decreases hostile Shield Mitigation",,,,,,,,,
,E,SNW Sam Kirk,15,3,15998,25140,22775,Strange New Worlds,10%,150%,,,,CM: Reduces enemy SHP every round vs non-Armada Hostiles OA: Increases Critical Damage every round vs non-Armada Hostiles,,,,,,,,,
,E,SNW Scotty,0,0,0,0,0,Strange New Worlds,0%,0%,,,,BDA: Increases the ship's Shield Health OA: Increases Isolytic Cascade Damage Suliban Hostiles,,,,,,,,,
,R,SNW Spock,30,5,12567,43983,31307,Strange New Worlds,15%,1800%,,,,"CM: When fighting hostiles, SNW Spock decreases hostile critical hit chance OA: Increases Armor, Shield Deflection, and Dodge by % of total Defense when attacking hostile Interceptors from an Explorer",,,,,,,,,
,E,SNW T'Pring,0,0,0,0,0,Strange New Worlds,0%,0%,,,,"BDA: Increases the amount of 3*-6* Ore/Crystal/Gas collected without draining the mining node faster OA: Increases Armor, Shield Deflection, and Dodge of total Defense against non-Armada hostiles.",,,,,,,,,
,R,SNW Uhura,30,5,43983,12567,31307,Strange New Worlds,15%,1800%,,,,"CM: When fighting hostiles, SNW Uhura increases critical hit damage OA: Increases Armor, Shield Deflection, and Dodge by % of total Defense when attacking hostile Battleships from an Interceptor",,,,,,,,,
,E,SNW Una,15,3,18284,18284,27330,Strange New Worlds,100%,30,,,,"CM: When fighting hostiles, SNW Una increases base Weapon Damage OA: Increase Impulse speed",,,,,,,,,
,E,Soran,5,1,8218,6575,11465,Explorer Retaliation Squad,40%,1000000%,Burning,Y,Y,"CM: On round start against players, Soran has a chance to apply Burning to your target for 1 round. OA: On round start against players commanding an Explorer afflicted by Burning, Soran increases your Apex Barrier for 5 rounds.",,,,,,,,,
,E,Specialist Seven,5,1,9040,9040,8190,Battleship Retaliation Squad,60%,60%,Breach,Y,Y,"CM: On round start against player Battleships with Hull Breach, Specialist Seven increases your shots each round for 4 rounds (Cumulative) OA: On round start against players, chance to apply Hull Breach to your target for 2 rounds",,,,,,,,,
,R,Spock,30,5,6283,53408,15653,Enterprise Crew,15%,750%,Morale,,Y,CM: Increase Accuracy at the start of each round OA: Restore Shield by % of crew's Defence when having Morale,,,,,,,,,
,E,Starfleet Q,5,1,8218,9862,8190,Interceptor Retaliation Squad,40%,1000000%,Morale,Y,Y,"CM: On round start against players, chance to apply Morale to your ship for 1 round OA: On round start, if placed on a ship with Morale against players commanding an Interceptor, increases your Apex Barrier for 5 rounds",,,,,,,,,
,R,Stonn,30,5,6283,25133,43830,Surveyors & Miners,40%,40%,,,,CM: Increase Mining Speed (Ore) OA: Increase Cargo size,,,,,,,,,
,E,Strike Team La'an,15,3,29711,11427,22775,Battleship Strike Crew,10%,72%,Burning,Y,Y,"CM: While on Battleship in PvP, if opponent is burning, at the start of each round, increase number of shots OA: While on Battleship in PvP each time ship hits with a weapon % chance of burning for 3 rounds",,,,,,,,,
,R,Strike Team Ortegas,15,3,7442,14883,12359,Battleship Strike Crew,5%,52%,Burning,Y,,"CM: When shot by a player Explorer, % chance of burning them fo r3 rounds OA: While on Battleship in PvP % chance of delaying opponents weapons by 1 round on their next attack.",,,,,,,,,
,R,Strike Team Una,15,3,4961,12403,17303,Battleship Strike Crew,130%,30%,,,,"CM: While in combat with player Explorer, increase all officer stats OA: While on Battleship in PvP Decreases Shield Mitigation each round",,,,,,,,,
,R,Suder,10,2,9094,6820,6797,Voyager 30th Anniversary,20%,15%,,,,BDA: At the start of combat increases Critical Hit Damage for 5 rounds when fighting hostiles OA: Repairs % of hull damage taken in the previous round of combat when fighting hostiles,,,,,,,,,
,U,Sulu,30,5,12802,12802,5103,Enterprise Crew,40%,40%,Morale,Y,Y,CM: Chance to inspire Morale when being hit by a critical hit OA: Increase Energy Damage when ship has Morale,,,,,,,,,
,C,T'Laan,30,5,3227,6992,2680,Starfleet Academy,15%,20%,,,,CM: Increase Ship XP from battles OA: Decrease Kinetic Damage dealt by Hostiles,,,,,,,,,
,R,T'Pol,15,3,9922,14883,9887,Enterprise NX-01,110.%,200%,,,,BDA: Increase Ore Mining speed OA: Increases Protected Cargo,,,,,,,,,
,R,T'Pring,30,5,6283,43983,25046,Surveyors & Miners,40%,300%,,,,CM: Increase Mining Speed (Gas) OA: Increase Protected Cargo,,,,,,,,,
,R,Tal,5,1,1535,4220,3441,Romulan Patriots,20%,5%,Burning,,Y,CM: Increase damage against Battleships OA: Decrease the opponents Hull Health each turn while it is burning,,,,,,,,,
,R,Tasha Yar,15,3,3721,16123,9887,TNG Crew,10%,30%,,,,CM: Reduces the Crit Chance of Mission Hostiles (yellow hostiles) OA: Increases all Weapon Damage against non-player targets,,,,,,,,,
,E,Ten Of Eleven,20,4,12919,12919,96554,Unimatrix Twelve,50%,140%,,,,"CM: Increase Mining Speed (Par, Trit, Dil) OA: Increase Mining Speed (All)",,,,,,,,,
,E,The Doctor,20,4,22608,22608,45058,Voyager,35%,1250%,,,,"BDA: Increases all resources dropped by hostiles OA: When taking hull damage from non-player or Armada, Increases Armor, Shield Deflection and Dodge by % of Health for 2 rounds",,,,,,,,,
,E,The Hierarch,0,0,0,0,0,Status Control Team,0%,0%,Burning,Y,Y,"CM: Increases Shots by for 2 rounds on round start against players, if the opponent has any state. OA: Has a chance of applying Hull Breach, Burning, or Assimilate for 2 rounds on a round start against players.",,,,,,,,,
,E,Three Of Eleven,20,4,19378,61365,41840,Unimatrix Twelve,60%,450%,,,,CM: Increases Gas mining speed OA: Increases Protected Cargo,,,,,,,,,
,U,Tilly,30,5,8961,12802,8930,Discovery Crew,10%,50%,,,,CM: Decrease opponent's Sheild Health when defending from a player. OA: Chance to Decrease opponent's Officer Attack by 15% when hit,,,,,,,,,
,C,Tiza,15,3,2876,1549,882,Mudd's Crew,4%,55.%,,,,CM: Decrease Eclipse hostile's Shield Mitigation for the first round OA: Chance to increase mitigation by 100% against Eclipse hostiles,,,,,,,,,
,R,Toli,10,2,7578,9094,4531,Symbiosis,300%,200%,,,,BDA: Increases base Warp Speed OA: Decreases all Armada and Invading Entities base mitigation stats by % of Officer Defense every round (Cumulative),,,,,,,,,
,R,Tom Paris,30,5,18850,31417,37568,Voyager,500%,25%,,,,"BDA: At the start of combat against a non-player hostile or Armadas, increase your Armor, Shield Deflection and Dodge by a % of Defence OA: When you take damage from a non-player hostile or armada, Increase Critical Hit Damage for 1 round (cumulative)",,,,,,,,,
,R,Tomalak,15,3,14883,9922,9887,Pride Of Romulus,100%,75%,,,,CM: Increase Penetration while cloaked OA: Increase Weapon Damage against Klingon targets by % of crew attack,,,,,,,,,
,R,TOS Chekov,15,3,12403,8682,8651,TOS Enterprise Crew,1000%,75%,,,,"CM: Increase the Impulse Speed of Explorers OA: When attacked on a Capture or Mining node, Decrease Opponents damage.",,,,,,,,,
,E,TOS Kirk,20,4,25838,25838,25748,TOS Enterprise Crew,50%,90%,Morale,Y,Y,"CM: Increase Energy damage by Officer defence, per round cumulative when ship has Morale OA: Chance to give Morale at the start of the round if ship health is above 30% of stating value",,,,,,,,,
,R,TOS McCoy,15,3,6201,11162,12359,TOS Enterprise Crew,300%,60%,,,,CM: Increase Mitigation by % of the crew's Health when defending OA: Increase All Stats of All Officers when on an Explorer,,,,,,,,,
,R,TOS Scotty,15,3,8682,12403,8651,TOS Enterprise Crew,400%,30%,,,,CM: Increase Warp Range of Explorers OA: Increase Repair Cost Efficiency,,,,,,,,,
,E,TOS Spock,5,1,3287,13149,3276,TOS Enterprise Crew,100%,50%,Morale,,Y,CM: Increase of Defence to SHP of all ships in fleet (Base defence only) OA: Decrease opponent player's Critical Damage when ship has Morale,,,,,,,,,
,R,TOS Sulu,15,3,12403,11162,6180,TOS Enterprise Crew,55.%,10%,Morale,Y,Y,CM: Chance to inspire Morale for 1 round OA: Increase Critical Hit Chance each round when on an Explorer that has Morale,,,,,,,,,
,R,TOS Uhura,15,3,4961,12403,12359,TOS Enterprise Crew,10%,12%,Morale,,Y,CM: Decrease opponent player's Critical hit chance if ship has Morale OA: Decrease opponent player's shield Mitigation if ship has Morale,,,,,,,,,
,E,Trip Tucker,15,3,13713,25140,25052,Enterprise NX-01,80%,120%,,,,"BDA: Increases resources dropped from Hirogen and Species 8472 OA: Decreases opponent's Critical Damage when you take damage from a hostile or another player. (Once per weapon. Can stack, does not trigger in Aarmadas or Assaults).",,,,,,,,,
,R,Tuvok,30,5,25133,37700,25046,Voyager,400%,200%,,,,BDA: Increases Voyager's Max Cargo Capacity OA: Increases the amount of Artifact Tokens gained from Formation Armadas,,,,,,,,,
,R,Two Of Eleven,30,5,31417,31417,56353,Unimatrix Twelve,20%,75%,,,,CM: Increase Cargo Size OA: Increase to G3 and G4 Mining speed,,,,,,,,,
,R,Tyler,30,5,43983,15708,15653,Discovery Crew,60%,100%,Burning,,Y,CM: Increase all officers Attack when the ship defends a Capture Node OA: Increase damage by % of crew's Attack when opponent's ship is Burning,,,,,,,,,
,R,Uhura,30,5,37700,21992,15653,Enterprise Crew,50%,80%,,,,CM: Chance to delay opponent's fire by 1 round when own shield is deleted OA: Increase ship's Accuracy,,,,,,,,,
,C,Vartoq,30,5,6992,2689,3216,Glory in the Kill,20%,20%,,,,CM: Increase Weapon Damage of Interceptors against Players OA: Increase Kinetic Weapon Damage against other player's ships,,,,,,,,,
,C,Vel,30,5,4303,4303,4288,Starfleet Academy,25%,20%,,,,CM: Increase Dilithium rewards from Hostiles OA: Increase Kinetic Damage against Hostiles,,,,,,,,,
,U,Vella,30,5,11522,14082,5103,Nero's Crew,10%,15%,,,,CM: Increase Damage against Explorers OA: Increase Health of all Officers on the ship,,,,,,,,,
,R,Vemet,30,5,15708,28275,31307,Nero's Crew,5%,750%,Burning,,Y,CM: Resurrect with % Hull Health OA: Decrease Shield Health of a Burning opponent by % of crew's Health,,,,,,,,,
,E,VIL Gul Dukat,0,0,0,0,0,Villains,0%,0%,,,,BDA: Reduces enemy player Critical Chance during 4 rounds at the start of the combat. OA: Increases Shots when attacking a Station,,,,,,,,,
,E,VIL Winn Adami,0,0,0,0,0,Villains,0%,0%,,,,"BDA: Reduces enemy player Critical Damage OA: When attacking a station, ignores % of the opponent's shield for the first 3 rounds",,,,,,,,,
,U,Vixis,30,5,5121,15362,10206,Glory in the Kill,6%,30%,,,,"CM: Chance to delay opponent's Weapons each round, for 1 round OA: Decrease Energy Damage from players",,,,,,,,,
,R,Wesley Crusher,15,3,11162,11162,11123,TNG Crew,100%,70%,,,,CM: Increase Damage against Hostiles and Armadas OA: Increases own stats,,,,,,,,,
,E,Weyoun,10,2,11750,20563,8782,Explorer Strike Team,20%,80%,Morale,Y,Y,"CM: On round start, chance to apply Morale for 3 rounds when fighting against a player, if on an Explorer OA: Increases Weapon Shots at the start of each round, for 2 rounds, when fighting players and on an Explorer with Morale",,,,,,,,,
,E,William T. Riker,15,3,36568,9142,9110,TNG Crew,100%,200%,,,,CM: Increases Weapon Damage against Armada Targets (Cumulative) OA: Increases Damage against Federation Hostiles and Armadas,,,,,,,,,
,E,WOK Carol,5,1,6575,8218,11465,Wrath Of Wkan,5%,150%,,,,"BDA: When you take hull damage from a non-Armada hostile, increases your Shield Mitigation for 1 round (cumulative). OA: Increases Common, Uncommon, Rare and Epic loot dropped by Augment Exile hostiles",,,,,,,,,
,E,WOK Joachim,5,1,13149,11506,8190,Wrath Of Wkan,100%,1000000%,,,,"BDA: WOK Joachim increases your Isolytic Defense against hostiles and players. OA: On combat start, increases your Apex Barrier when attacked by a player while on a Survey ship.",,,,,,,,,
,R,WOK McCoy,10,2,7578,7578,6041,Wrath Of Wkan,375%,750%,,,,"BDA: On combat start against non-player hostiles or Armadas, Increases your Armor, Shield Deflection, and Dodge by % of Defense OA: On combat start, increases your Armor, Shield Deflection, and Dodge by % of Health when in Wave Defense.",,,,,,,,,
,R,WOK Saavik,10,2,6063,7578,7552,Wrath Of Wkan,20%,90%,Burning,,Y,"BDA: On round start, against non-Armada hostiles, WOK Saavik increases your Isolytic Cascade damage by 15% (70% at rank 5) for 1 round, if the enemy has any state.
On round start, against non-Armada hostiles, increases your Isolytic Cascade damage for 1 round, if the enemy has any state OA: On combat start, increases Isolytic Cascade damage when in Wave Defense",,,,,,,,,
,E,WOK Scotty,5,1,8218,11506,6552,Wrath Of Wkan,10%,20%,,,,"BDA: Reduces enemy Shield Mitigation when fighting non-Armada hostiles
On round start, against non-Armada hostiles, increases your Isolytic Cascade damage for 1 round, if the enemy has any state OA: Increases base Loot gained from Armadas",,,,,,,,,
,R,Worf,15,3,13643,13643,2472,TNG Crew,70%,60%,,,,"CM: After winning a battle, Worf increases the Warp Speed of the ship. This bonus does not stack, and is removed when returning to your station. OA: Increases all Mitigation stats against non-player targets",,,,,,,,,
,U,Woteln,30,5,11522,15362,3827,Klingon Patriots,10%,40%,,,,CM: Increase damage if opponent's ship is a Battleship OA: Increase dodge when aboard an Interceptor,,,,,,,,,
,U,Yan'Agh,30,5,11522,2560,16585,Blood & Honor,10%,500%,,,,CM: Increase damage after depleting the opponent's Shield Health OA: Increase Damage to Romulans by % of crew's Health,,,,,,,,,
,R,Yuki,30,5,40842,28275,6261,Section 31,10%,500%,,,,CM: Decrease the shield Health of the opponent's ship each round OA: Increase Damage to Romulans by % of crew's Health,,,,,,,,,
,C,Zahra,30,5,2689,1614,8576,Auxiliary Controls,10%,20%,,,,CM: Increase ships Hull Health when defending a station OA: Increase Damage dealt when defending a Station,,,,,,,,,
,R,Zeph,5,1,3069,4604,3058,Section 31,100000%,40%,Burning,Y,,"BDA: Increases Apex Barrier against Interceptor hostiles OA: On round start against hostiles, Zeph has a chance to apply a random State to the enemy for 3 rounds",,,,,,,,,
,U,Zhou,30,5,10242,16643,3827,Section 31,15%,300%,Morale,,Y,CM: Increase Defence of bridge officers OA: Increase Mitigation by % of crew's Defence when having Morale,,,,,,,,,